Video URL,Title,Likes Count,Comment Count,error
https://www.youtube.com/watch?v=3WZh0STyL_Y,Kong Skull Island  Skullcrawler  Warner Bros Entertainment,547,45,yes
https://www.youtube.com/watch?v=chaHsowROfQ,Breathe 2024  Official Trailer  Warner Bros Entertainment,1212,112,yes
https://www.youtube.com/watch?v=xWByujyT2rI,Dune  Learn What I Do  Warner Bros Entertainment,447,47,yes
https://www.youtube.com/watch?v=VhL8y6KTVpg,Dune  Trivia  Warner Bros Entertainment,369,44,yes
https://www.youtube.com/watch?v=Aw8aKsZ__Xw,Oceans Trilogy  4K Ultra HD Official Trailer  Warner Bros Entertainment,307,32,yes
https://www.youtube.com/watch?v=3mNMXafmfLY,Wonka  World of Your Own  Warner Bros Entertainment,1093,0,yes
https://www.youtube.com/watch?v=QnGkky--rrw,The Color Purple 2023  Miss Celies Pants  Warner Bros Entertainment,141,6,yes
https://www.youtube.com/watch?v=DsB9BakpCTY,Dune  My First Time  Warner Bros Entertainment,315,19,yes
https://www.youtube.com/watch?v=CMa0BcF4xpQ,Godzilla King of the Monsters  Fire Demon  Warner Bros Entertainment,1306,115,yes
https://www.youtube.com/watch?v=l7i98T3Mq2s,Barbie  Bringing Barbie to the Big Screen  Warner Bros Entertainment,226,25,yes
https://www.youtube.com/watch?v=azk1PdDUIMw,Creating The Color Purple 2023 A Bold New Take on the Beloved Classic  Warner Bros Ent,98,8,yes
https://www.youtube.com/watch?v=O-9Uwkz0zZ0,Academy Awards Best Picture Winners  Trivia  Warner Bros Entertainment,120,9,yes
https://www.youtube.com/watch?v=AVsKw_N60p8,Wonka  Bonus Content  The Whimsical Music of Wonka  Warner Bros Entertainment,841,0,yes
https://www.youtube.com/watch?v=vChbtnS7FdM,Dune  Crysknife  Warner Bros Entertainment,319,47,yes
https://www.youtube.com/watch?v=r-MiSNsCdQ4,The Departed  4K Ultra HD Official Trailer  Warner Bros Entertainment,421,37,yes
https://www.youtube.com/watch?v=PpQH5tIJLgs,The Batman  Looking For Vengeance  Warner Bros Entertainment,420,32,error
https://www.youtube.com/watch?v=HQOEfU6Nt9Y,Dune  Filmbooks House Harkonnen  Warner Bros Entertainment,3144,102,yes
https://www.youtube.com/watch?v=e21BHdEhP1g,Kong Skull Island  Kong Helicopter Attack  Warner Bros Entertainment,1528,121,yes
https://www.youtube.com/watch?v=twl_Gec4TSQ,Dune  Join Me in Death  Warner Bros Entertainment,1791,103,yes
https://www.youtube.com/watch?v=YfyssBzOuaE,The Color Purple 2023  You Have a Letter  Warner Bros Entertainment,201,14,yes
https://www.youtube.com/watch?v=nL8tdegPQPg,Dune  Filmbooks House Atreides  Warner Bros Entertainment,2121,63,yes
https://www.youtube.com/watch?v=_lfWt9-sslM,Wonka  Improve Your Moodle  Warner Bros Entertainment,1075,0,yes
https://www.youtube.com/watch?v=TtY648EsJNA,Godzilla King of the Monsters  King Ghidorah and Godzilla Face Off  Warner Bros Entertainment,9949,682,yes
https://www.youtube.com/watch?v=Y81Lt4en_FM,The Color Purple 2023  Everybody Wants to Be Loved  Warner Bros Entertainment,197,25,yes
https://www.youtube.com/watch?v=cNHepg2MK_8,Wonka  Bonus Content  Paul Kings Vision  Warner Bros Entertainment,1694,0,yes
https://www.youtube.com/watch?v=w6jtfmXziNQ,Justice League Crisis On Infinite Earths Part Two  Official Trailer  Warner Bros Entertainment,28263,500,yes
https://www.youtube.com/watch?v=os0kbfuipFg,The Conjuring  Trivia  Warner Bros Entertainment,231,27,yes
https://www.youtube.com/watch?v=ZEfJ95ARpL4,The Color Purple 2023  Celies Comin With Us  Warner Bros Entertainment,384,33,yes
https://www.youtube.com/watch?v=Bx59zdQ-00M,Wonka  Never Had Chocolate Like This  Warner Bros Entertainment,11694,0,yes
https://www.youtube.com/watch?v=JrACJO2hYuo,Aquaman  Trivia  Warner Bros Entertainment,283,21,yes
https://www.youtube.com/watch?v=7qM6b_vNse8,Aquaman and The Lost Kingdom  Necrus The Lost Black City  Warner Bros Entertainment,459,24,yes
https://www.youtube.com/watch?v=eoEJdtOAXAI,Wonka  Going Flat  Warner Bros Entertainment,899,0,yes
https://www.youtube.com/watch?v=SuEfiUn8yAA,Taylor Swift in Valentines Day  Trivia  Warner Bros Entertainment,155,11,yes
https://www.youtube.com/watch?v=IixyrolCVnk,Aquaman and The Lost Kingdom  Side by Side  Warner Bros Entertainment,563,24,yes
https://www.youtube.com/watch?v=pz_2ktUVREU,Wonka  Bonus Content  Welcome to Wonka Land  Warner Bros Entertainment,1114,0,yes
https://www.youtube.com/watch?v=jpW6pa-XZ8Q,The Color Purple 2023  Keep It Movin  Warner Bros Entertainment,1026,47,yes
https://www.youtube.com/watch?v=KW6a_i9w0vM,Wonka  Pure Imagination  Warner Bros Entertainment,14230,0,yes
https://www.youtube.com/watch?v=F4VVi0OgyDk,Black History Month  Trivia  Warner Bros Entertainment,130,14,yes
https://www.youtube.com/watch?v=JsCFHhWhkQY,The Color Purple 2023  Sister Song  Warner Bros Entertainment,348,19,yes
https://www.youtube.com/watch?v=KX_L62RWNlM,Wonka  Extended Preview  Warner Bros Entertainment,2514,108,yes
https://www.youtube.com/watch?v=41NUykFTZpQ,Aquaman and The Lost Kingdom  Escape from Deserter World  Warner Bros Entertainment,623,31,yes
https://www.youtube.com/watch?v=ZCdw1Xbx47c,Justice League Crisis On Infinite Earths Part One  The Selfless Speedster  Warner Bros Ent,647,60,yes
https://www.youtube.com/watch?v=vz4Uy8wVtA0,The Color Purple 2023  I Come Here Out of Respect  Warner Bros Entertainment,294,24,yes
https://www.youtube.com/watch?v=V5P7q4WJAzg,Wonka  They Call Me Lofty  Warner Bros Entertainment,18124,576,yes
https://www.youtube.com/watch?v=1dc1UycqDVk,Aquaman And The Lost Kingdom  Extended Preview  Warner Bros Entertainment,2589,259,yes
https://www.youtube.com/watch?v=GRwZ9SaTDdA,Justice League Crisis On Infinite Earths Part One  Special Day  Warner Bros Entertainment,2643,0,yes
https://www.youtube.com/watch?v=jtKi9WWBMBE,Justice League Crisis On Infinite Earths Part One  The Justice League  Warner Bros Entertainment,2276,0,yes
https://www.youtube.com/watch?v=sen8XVhTCzU,The Color Purple 2023  A STORY FOR ME The Legacy of The Color Purple  Warner Bros Ent,126,11,yes
https://www.youtube.com/watch?v=F3EzsI6VmSc,Justice League Crisis On Infinite Earths Part One  Extended Preview  Warner Bros Entertainment,3543,0,yes
https://www.youtube.com/watch?v=HloP5rKW9aA,The Color Purple 1985  Trivia  Warner Bros Entertainment,98,9,yes
https://www.youtube.com/watch?v=7Jl4VM-Ry28,The Color Purple 2023  Extended Preview  Warner Bros Entertainment,590,59,yes
https://www.youtube.com/watch?v=dnh_wQtswJA,The Color Purple 2023  Push Da Button  Warner Bros Entertainment,219,27,yes
https://www.youtube.com/watch?v=b9WQR8lQJn8,Mad Max 2 The Road Warrior  Extended Preview  Warner Bros Entertainment,243,12,yes
https://www.youtube.com/watch?v=KRPrxx9Lv4A,2023 Emmys Trivia  HBO  Warner Bros Entertainment,156,16,yes
https://www.youtube.com/watch?v=P18i6pKJCnI,The Matrix Resurrections  Neo  Trinity Return to The Matrix  Warner Bros Entertainment,230,27,error
https://www.youtube.com/watch?v=oGvEzTe-5Ds,Aquaman  The Ring of Fire  Warner Bros Entertainment,554,31,yes
https://www.youtube.com/watch?v=oBZ_ylYzBGI,Barbie  Musical MakeBelieve Disco Party  Warner Bros Entertainment,293,18,yes
https://www.youtube.com/watch?v=0eyPSXICQrc,George Clooney  WB100 Featurette  Warner Bros Entertainment,234,21,yes
https://www.youtube.com/watch?v=Ii_HJn-p6MQ,Aquaman  The One True King  Warner Bros Entertainment,416,39,yes
https://www.youtube.com/watch?v=-TP0wrslCEo,Barbie  Musical MakeBelieve Kens Ballet  Warner Bros Entertainment,216,12,yes
https://www.youtube.com/watch?v=sfW6nm483TU,Just Friends with Ryan Reynolds  Hockey Scene Fail  Warner Bros Entertainment,178,17,yes
https://www.youtube.com/watch?v=t8dFcGPTjOY,Tom and Jerry  Nutcracker Ballet Scene  Warner Bros Entertainment,491,0,yes
https://www.youtube.com/watch?v=svzNpH7oCNs,A Christmas Story  THEN vs NOW  Classic Christmas Movies  Warner Bros Entertainment,210,10,yes
https://www.youtube.com/watch?v=2j7smENQx3k,Aquaman  War of the Seas  Warner Bros Entertainment,461,31,yes
https://www.youtube.com/watch?v=kwD6JMOKh6M,Wonder Woman 1984  Small But Mighty  Warner Bros Entertainment,442,24,yes
https://www.youtube.com/watch?v=tbFCn9FKVnQ,Holiday Movie Trivia Test Your Knowledge  Warner Bros Entertainment,132,7,yes
https://www.youtube.com/watch?v=g-q6VFX3wWI,A Christmas Story  Flagpole Scene  Warner Bros Entertainment,157,15,yes
https://www.youtube.com/watch?v=xUXMFEWYYrg,Dolly Partons Coat of Many Colors  Essay Scene  Warner Bros Entertainment,160,7,yes
https://www.youtube.com/watch?v=xWMoGwY7w-A,Aquaman  Black Manta Submarine Fight  Warner Bros Entertainment,344,23,yes
https://www.youtube.com/watch?v=zxOx2UCSzco,Barbie  Musical MakeBelieve Doing War  Warner Bros Entertainment,184,6,yes
https://www.youtube.com/watch?v=rTBlrB8tu2g,The Lord of the Rings  Trivia  Warner Bros Entertainment,436,42,yes
https://www.youtube.com/watch?v=_STFfLk7CtU,The Lord of the Rings The Return of the King  Making The Return of the King  Warner Bros Ent,764,55,yes
https://www.youtube.com/watch?v=azAaS-gbQws,Elf  Buddy Meets Fake Santa Full Scene  Warner Bros Entertainment,267,30,yes
https://www.youtube.com/watch?v=2BdOXnOR7AI,Happy Feet  Happy Feet 2  Gloria  Mumble Best Moments  Warner Bros Entertainment,311,0,yes
https://www.youtube.com/watch?v=8fcc39zAGcE,Michael Curtiz  WB100 Featurette  Warner Bros Entertainment,169,8,yes
https://www.youtube.com/watch?v=sGnet1fjzTk,The Year Without a Santa Claus 1974  I Believe in Santa Claus  Warner Bros Entertainment,354,52,yes
https://www.youtube.com/watch?v=GY6Rpl4EjfI,The Polar Express  ALL ABOARD Scene  Warner Bros Entertainment,1423,126,yes
https://www.youtube.com/watch?v=DnARaMygmsQ,Happy Feet  Happy Feet 2  Baby Penguins Mashup  Warner Bros Entertainment,798,0,yes
https://www.youtube.com/watch?v=wDwCATUe5Bk,The Color Purple 1985  Reconciliation  Warner Bros Entertainment,214,24,yes
https://www.youtube.com/watch?v=hh8JjidQ_3Y,The Color Purple 1985  4K Ultra HD Extended Preview  Warner Bros Entertainment,166,11,yes
https://www.youtube.com/watch?v=Gx2srhhtB_c,Justice League Crisis On Infinite Earths Part One  Official Trailer  Warner Bros Entertainment,38870,0,yes
https://www.youtube.com/watch?v=YkisUjRS-GQ,A Cinderella Story Christmas Wish 2019  Final Scene  Warner Bros Entertainment,397,11,yes
https://www.youtube.com/watch?v=jW9O9IGKszg,Elf  Welcome To New York Buddys Version  Warner Bros Entertainment,271,13,yes
https://www.youtube.com/watch?v=LqUOjuTdI90,The Color Purple 1985  Razor Looks Dull  Warner Bros Entertainment,134,6,yes
https://www.youtube.com/watch?v=3IyYi5yy7vM,John Wells  WB100 Featurette  Warner Bros Entertainment,116,4,yes
https://www.youtube.com/watch?v=nuagOWpa21w,Urkel Saves Santa The Movie  Extended Preview  Warner Bros Entertainment,588,105,yes
https://www.youtube.com/watch?v=hz_m4qgYtWY,The Color Purple 1985  Sister Song  Warner Bros Entertainment,176,6,yes
https://www.youtube.com/watch?v=8BCvbSIOQDE,The Fugitive  I Dont Care  Warner Bros Entertainment,1726,162,yes
https://www.youtube.com/watch?v=vSHuWpf-bGE,Meet Me in St Louis  Have Yourself a Merry Little Christmas  Warner Bros Entertainment,350,34,yes
https://www.youtube.com/watch?v=Ivrtda-tUm0,A Cinderella Story Christmas Wish  Kat  Dominic Cutest Moments  Warner Bros Entertainment,194,6,yes
https://www.youtube.com/watch?v=MFYZtqZWEwo,Justice League Crisis  Official Trilogy Trailer  Warner Bros Entertainment,25458,0,yes
https://www.youtube.com/watch?v=Zefwi16cOEE,The Fugitive  Stop That Man  Warner Bros Entertainment,1793,172,yes
https://www.youtube.com/watch?v=t_HbvpcuKmc,The White Lotus Season 2  Emoji Supercut Featurette  Warner Bros Entertainment,98,5,yes
https://www.youtube.com/watch?v=ezG0SQ3y_5Y,The Color Purple 1985  Wedding of Sofia and Harpo  Warner Bros Entertainment,172,9,yes
https://www.youtube.com/watch?v=YT2yks8aMmQ,The Fugitive  4K Ultra HD Extended Preview  Warner Bros Entertainment,939,28,yes
https://www.youtube.com/watch?v=TYwvyk_Rwyg,Mad Max 3 Beyond Thunderdome  Extended Preview  Warner Bros Entertainment,192,13,yes
https://www.youtube.com/watch?v=R2gsoWojKGY,Christopher Nolan  WB100 Featurette  Warner Bros Entertainment,1471,154,yes
https://www.youtube.com/watch?v=9AwyHoaU1vU,Urkel Saves Santa The Movie  Official Trailer  Warner Bros Entertainment,2462,167,yes
https://www.youtube.com/watch?v=oU1NBbh6pjI,The Color Purple 1985  Sisters Separated  Warner Bros Entertainment,202,21,yes
https://www.youtube.com/watch?v=_s0EOTN1XfU,Barbie  Becoming Barbie  Warner Bros Entertainment,209,12,yes
https://www.youtube.com/watch?v=rN5sjF3eDKc,Barbie  Welcome to Barbie Land  Warner Bros Entertainment,276,19,yes
https://www.youtube.com/watch?v=T0Z5Pkhi9bA,V for Vendetta  Extended Preview  Warner Bros Entertainment,534,41,yes
https://www.youtube.com/watch?v=uUzBH7GlP2E,Todd Phillips  WB100 Featurette  Warner Bros Entertainment,266,14,yes
https://www.youtube.com/watch?v=cSfVHnYSD7I,Mad Max 2 The Road Warrior  Extended Preview  Warner Bros Entertainment,278,22,yes
https://www.youtube.com/watch?v=xzBZMCFNsns,A Warner Bros Holiday  Oh What Fun  Warner Bros Entertainment,278,27,yes
https://www.youtube.com/watch?v=n64cKPYjv14,Justice League x RWBY Super Heroes  Huntsmen Part Two  Team RWBY Comes Through  Warner Bros Ent,4995,452,yes
https://www.youtube.com/watch?v=sUm64FqLXz0,ScoobyDoo 2 Monsters Unleashed  Monsters V Scooby  Warner Bros Entertainment,2319,0,yes
https://www.youtube.com/watch?v=LKglQMMG4aU,Barbie  Its a Weird World  Warner Bros Entertainment,195,10,yes
https://www.youtube.com/watch?v=E4g0egUS2O8,The Lord of the Rings  Welcome to Rivendell ft LEGO,9953,320,yes
https://www.youtube.com/watch?v=Cd-DrtWGP1c,THE LORD OF THE RINGS RIVENDELL Speed Build ft LEGO,540,25,yes
https://www.youtube.com/watch?v=znRLSKo2vxs,Blue Beetle  Generations Blue Beetle A Heros World  Warner Bros Entertainment,382,24,yes
https://www.youtube.com/watch?v=Qi_u_1rq8_o,Godzilla vs Kong  Attacked Jaunt  Warner Bros Entertainment,3477,240,yes
https://www.youtube.com/watch?v=1EuHHkVxnWI,Justice League x RWBY Super Heroes  Huntsmen Part Two  You Look Different  Warner Bros Ent,965,149,yes
https://www.youtube.com/watch?v=GwRDWsIIlI0,Meg 2 The Trench  Under Pressure  Warner Bros Entertainment,369,42,yes
https://www.youtube.com/watch?v=JMpxjO_ukZA,Scooby Doo The Movie  End Fight  Warner Bros Entertainment,731,0,yes
https://www.youtube.com/watch?v=fiCGPDHI0C4,Blue Beetle  Nana Knows Best  Warner Bros Entertainment,300,25,yes
https://www.youtube.com/watch?v=cJPS85ZORMs,ScoobyDoo 2 Monsters Unleashed  Old man Wickels House  Warner Bros Entertainment,5504,0,yes
https://www.youtube.com/watch?v=BKfVSTuP0JQ,Godzilla vs Kong  Throne Room Skirmish  Warner Bros Entertainment,849,66,yes
https://www.youtube.com/watch?v=AsFGls1YP0M,The Gilded Age Season 2  Official Trailer  Warner Bros Entertainment,622,29,yes
https://www.youtube.com/watch?v=uHOWX4BmbH8,Barbie  AllStar Barbie Party  Warner Bros Entertainment,303,10,yes
https://www.youtube.com/watch?v=OpH4EGrI288,The Sandman Season 1  Full Episode Preview  Warner Bros Entertainment,301,20,yes
https://www.youtube.com/watch?v=tLK4DoAklwc,Los Espookys  Behind the Scenes  Warner Bros Entertainment,92,5,yes
https://www.youtube.com/watch?v=_h-efLS7VV4,The Color Purple 1985  4K Ultra HD Official Trailer  Warner Bros Entertainment,716,50,yes
https://www.youtube.com/watch?v=inWK9mzce6E,Justice League x RWBY Super Heroes  Huntsmen Part Two  Extended Preview  Warner Bros Ent,6866,0,yes
https://www.youtube.com/watch?v=Kc2TS1uywUc,Tom and Jerry Halloween HiJinks  Over the River and Boo the Woods  Warner Bros Entertainment,327,0,yes
https://www.youtube.com/watch?v=bSkqy2VAPkI,Martin Scorsese  WB100 AllStars  Warner Bros Entertainment,603,38,yes
https://www.youtube.com/watch?v=WfhKI9L1bEI,Scooby Doo The Movie  Body Swap  Warner Bros Entertainment,4532,0,yes
https://www.youtube.com/watch?v=zj77u6LE-vw,Rick and Morty  Inside Season 6  Warner Bros Entertainment,236,24,yes
https://www.youtube.com/watch?v=-GabpmZDajo,Tom and Jerry Halloween HiJinks  Flying Sorceress  Warner Bros Entertainment,503,0,yes
https://www.youtube.com/watch?v=Y7kRcplrSoU,ScoobyDoo 2 Monsters Unleashed  Extended Preview  Warner Bros Entertainment,2406,0,yes
https://www.youtube.com/watch?v=6DmV8ojrCEA,Stand and Deliver  Extended Preview  Warner Bros Entertainment,163,9,yes
https://www.youtube.com/watch?v=tHy_1qTZ0HY,Gremlins  Billy Fights Gremlin  Warner Bros Entertainment,293,22,yes
https://www.youtube.com/watch?v=ooOAxj7mK84,Dolly Partons Mountain Magic Christmas  Official Trailer  Warner Bros Entertainment,180,8,yes
https://www.youtube.com/watch?v=pm1mwC__UzE,Tim Burton  WB100 AllStars  Warner Bros Entertainment,662,70,yes
https://www.youtube.com/watch?v=jk9AvHa2FHY,ScoobyDoo The Movie  Extended Preview  Warner Bros Entertainment,3657,0,yes
https://www.youtube.com/watch?v=bw8SDCfr3_Y,Blue Beetle  The Making of Blue Beetle  Warner Bros Entertainment,610,49,yes
https://www.youtube.com/watch?v=MdzETJ48wWM,Tom and Jerry Tricks  Treats  Fraidy Cat Scat  Warner Bros Entertainment,618,0,yes
https://www.youtube.com/watch?v=F-ktA-cs7No,Evil Dead Rise  Raising A New Evil Dead  Warner Bros Entertainment,4645,132,yes
https://www.youtube.com/watch?v=OlYsVq6FpuU,The Fugitive  4K Ultra HD Official Trailer  Warner Bros Entertainment,675,54,yes
https://www.youtube.com/watch?v=OIC5q-fhuUM,The Nun II  Extended Preview  Warner Bros Entertainment,600,31,error
https://www.youtube.com/watch?v=FwOP5hR_BfQ,WB100th Backlot Journeys  Leavesden Studios  Warner Bros Entertainment,352,26,yes
https://www.youtube.com/watch?v=tYdlaF0N93M,Gremlins Secrets of the Mogwai  Official Trailer  Warner Bros Entertainment,504,40,yes
https://www.youtube.com/watch?v=ioe5bgRq30Q,Pans Labyrinth  Ofelia Meets The Pale Man  Warner Bros Entertainment,1857,117,yes
https://www.youtube.com/watch?v=MaCllutk0_w,Blue Beetle  Extended Preview  Warner Bros Entertainment,1382,154,yes
https://www.youtube.com/watch?v=yTvd0788QN4,RWBY Volume 9  Official Trailer  Warner Bros Entertainment,3779,571,yes
https://www.youtube.com/watch?v=bhruIaXGGsA,Rick and Morty  Inside The Writers Room on Season 5  Warner Bros Entertainment,261,32,yes
https://www.youtube.com/watch?v=spkglIe0ozE,Matrix Resurrections  Allies  Adversaries  Warner Bros Entertainment,312,34,yes
https://www.youtube.com/watch?v=UhS-GJRPhw8,Meg 2 The Trench  The Making of Meg 2 The Trench  Warner Bros Entertainment,686,38,yes
https://www.youtube.com/watch?v=FdZ5JMw5Q9s,Blue Beetle  Blue Beetle 101  Warner Bros Entertainment,355,30,yes
https://www.youtube.com/watch?v=94NhiwjR6fw,Meg 2 The Trench  Make a Stand  Warner Bros Entertainment,610,29,yes
https://www.youtube.com/watch?v=TtV7EagJkvY,The Exorcist  4K Ultra HD Extended Preview  Warner Bros Entertainment,482,38,yes
https://www.youtube.com/watch?v=_1Os40cET5A,Matrix Resurrections  Keanu Reeves on Martial Arts Training  Warner Bros Entertainment,352,36,yes
https://www.youtube.com/watch?v=LVNZXefqA7w,The Batman  Creating The Batmobile  Warner Bros Entertainment,23813,770,yes
https://www.youtube.com/watch?v=FpHoHKCzOi8,Batman Mask of the Phantasm  The Chase  Warner Bros Entertainment,393,0,yes
https://www.youtube.com/watch?v=YrFdtxb0CGI,Meg 2 The Trench  Up from the Depths Even More Beasts  Warner Bros Entertainment,452,45,yes
https://www.youtube.com/watch?v=ZO-XX1UpsqY,Succession  Own the Complete Series Today  Official Trailer  Warner Bros Entertainment,305,12,yes
https://www.youtube.com/watch?v=27xho_UZlaU,Batman Mask of the Phantasm  Behind the Scenes Kevin Conroy I am The Knight  Warner Bros Ent,6496,345,yes
https://www.youtube.com/watch?v=odsVnAZqFBU,Venture Bros Radiant is the Blood of the Baboon Heart  Hodgman and Friends  Warner Bros Ent,196,21,yes
https://www.youtube.com/watch?v=vu-DpQysYw4,Alan Balls Vision Behind True Blood  HBO Original Series  Warner Bros Entertainment,148,9,yes
https://www.youtube.com/watch?v=1iCVp5HeklI,Batman Mask of the Phantasm  4K Ultra HD Extended Preview  Warner Bros Entertainment,1021,0,yes
https://www.youtube.com/watch?v=1ay8gcgEtEg,Meg 2 The Trench  Get the Fuel  Warner Bros Entertainment,532,43,yes
https://www.youtube.com/watch?v=gkgxWJwY6Xw,Meg 2 The Trench  Octopus Attack  Warner Bros Entertainment,725,48,yes
https://www.youtube.com/watch?v=wF1pq37g2bY,Stanley Kubrick  WB100 AllStars  Warner Bros Entertainment,606,39,yes
https://www.youtube.com/watch?v=QWKLkT3AgsI,Winning Time Rise of the Lakers Dynasty  Official Trailer  Warner Bros Entertainment,153,6,yes
https://www.youtube.com/watch?v=8YV2hzjGjJw,The Flash  Fighting Dark Flash  Behind The Scenes  Warner Bros Entertainment,2699,254,yes
https://www.youtube.com/watch?v=3iuu7sqhOBg,Alfonso Cuar√≥n  WB100th AllStars  Warner Bros Entertainment,345,11,yes
https://www.youtube.com/watch?v=oiB4n5JL0Bo,The Batman  Paul Dano on Playing The Riddler  Warner Bros Entertainment,562,29,error
https://www.youtube.com/watch?v=NMSilJCThnc,Meg 2 The Trench  Extended Preview  Warner Bros Entertainment,2932,93,yes
https://www.youtube.com/watch?v=TDoe37kziHU,Riverdale  Favorites Fun And A Farewell A Goodbye To Riverdale  Warner Bros Entertainment,272,20,yes
https://www.youtube.com/watch?v=3_oKHpuw55U,Justice League x RWBY Super Heroes  Huntsmen Part Two  Official Trailer  Warner Bros Ent,9872,0,yes
https://www.youtube.com/watch?v=A_EOMsqb4gM,Meg 2 The Trench  Jet Ski Meg Fight  Warner Bros Entertainment,3890,74,yes
https://www.youtube.com/watch?v=D5Vx9ljPbKw,Lethal Weapon 4  Extended Preview  Warner Bros Entertainment,224,30,error
https://www.youtube.com/watch?v=xxI1o8rec3U,Westworld  Behind the Scenes The Reality of AI  Warner Bros Entertainment,181,22,error
https://www.youtube.com/watch?v=y0qySX0MuDE,Chuck Lorre  WB100th AllStars  Warner Bros Entertainment,220,10,yes
https://www.youtube.com/watch?v=DwBdplsaF5A,Justice League Warworld  Illusions on Warworld  Warner Bros Entertainment,411,31,yes
https://www.youtube.com/watch?v=eSpuvY2_OaQ,WB100th Backlot Journeys  Hennesy Street  Warner Bros Entertainment,560,24,yes
https://www.youtube.com/watch?v=Rt33T_hykfs,The Flash  Flash Suit  Warner Bros Entertainment,975,80,yes
https://www.youtube.com/watch?v=FlbNJJwc4jA,Love  Death  Official Trailer  Warner Bros Entertainment,1022,64,yes
https://www.youtube.com/watch?v=_CYVU9Rr3ec,Lethal Weapon 3  Extended Preview  Warner Bros Entertainment,188,12,error
https://www.youtube.com/watch?v=i2z0NevMct8,Lethal Weapon 2  Extended Preview  Warner Bros Entertainment,223,21,error
https://www.youtube.com/watch?v=DTUcaDb-2r0,The Flash  Supergirl vs Zod  Warner Bros Entertainment,1148,215,yes
https://www.youtube.com/watch?v=DPefNCU8Czc,WB100th Backlot Journeys  NY Street  Warner Bros Entertainment,244,17,yes
https://www.youtube.com/watch?v=AVNqQUM5BJc,Jon M Chu  WB100th AllStars  Warner Bros Entertainment,149,4,yes
https://www.youtube.com/watch?v=xdUWPwSH7eo,Wonder Woman 1984  Scene Study The Open Road  Warner Bros Entertainment,407,36,yes
https://www.youtube.com/watch?v=I26RIS1lkFM,Selena  Chef  How Its Going  Warner Bros Entertainment,132,10,yes
https://www.youtube.com/watch?v=qS8K7fX48kI,Enter The Dragon  4K Ultra HD Extended Preview  Warner Bros Entertainment,5835,372,yes
https://www.youtube.com/watch?v=fMxQU319II0,Unforgiven 1992  Movie In Minutes  Warner Bros Entertainment,196,14,yes
https://www.youtube.com/watch?v=HwODBhVLQ_I,Selena  Chef  Selena vs Selena  Warner Bros Entertainment,515,22,yes
https://www.youtube.com/watch?v=kWutFowOHtM,Insecure  In The Room  Warner Bros Entertainment,36,4,yes
https://www.youtube.com/watch?v=kTppQpB2a8U,Risky Business  Casting Tape Footage  Warner Bros Entertainment,297,14,yes
https://www.youtube.com/watch?v=61asg90XbCM,WB 100th Backlot Journeys  Midwest Street  Warner Bros Entertainment,313,21,yes
https://www.youtube.com/watch?v=7U6QLXDivv4,The Flash  Spaghetti Theory  Warner Bros Entertainment,767,88,yes
https://www.youtube.com/watch?v=vH5laFRCPPw,Justice League Warworld  Save Myself  Warner Bros Entertainment,3635,131,yes
https://www.youtube.com/watch?v=sRS9w2qNTxs,Clint Eastwood  WB100th AllStars  Warner Bros Entertainment,440,31,yes
https://www.youtube.com/watch?v=pIY_WMif_7c,Babylon 5 The Road Home  Standing in the Shadows  Warner Bros Entertainment,761,81,yes
https://www.youtube.com/watch?v=BU2eYAO31Cc,The Exorcist  4K Ultra HD Official Trailer  Warner Bros Entertainment,10371,818,yes
https://www.youtube.com/watch?v=1_BdqHVzHdo,WB 100th Artist Series  Warner Bros Entertainment,315,27,yes
https://www.youtube.com/watch?v=6NfkdZThS4I,ScoobyDoo and Krypto Too  Official Trailer  Warner Bros Entertainment,11574,0,yes
https://www.youtube.com/watch?v=imtYrQEZ4H8,Batman Mask of the Phantasm  4K Ultra HD Official Trailer  Warner Bros Entertainment,5058,0,yes
https://www.youtube.com/watch?v=_1D8XQaoy1o,Justice League Warworld  Pretty Fine Piece  Warner Bros Entertainment,980,69,yes
https://www.youtube.com/watch?v=6o2F6H3H8JU,Deep Blue Sea  Shark Tank  Warner Bros Entertainment,297,25,yes
https://www.youtube.com/watch?v=Qs1Y7-nY8WM,The Meg  Pippin Come Back  Warner Bros Entertainment,5153,125,yes
https://www.youtube.com/watch?v=-Q5gWq4LeUM,Mortal Kombat Legends Cage Match  Official Red Band Trailer  Warner Bros Entertainment,49265,2721,yes
https://www.youtube.com/watch?v=Y9RfhbH0GEQ,The Flash  Lets Get Nuts Batman Returns Again  Warner Bros Entertainment,7926,1018,yes
https://www.youtube.com/watch?v=0XZd9kfHtZ4,Birds of Prey  A Love Skate Relationship  Warner Bros Entertainment,263,28,yes
https://www.youtube.com/watch?v=vCFGPDtkjgk,Deep Blue Sea  Shark Escape  Warner Bros Entertainment,330,33,yes
https://www.youtube.com/watch?v=a7LknNfORNI,The Flash  Extended Preview  Warner Bros Entertainment,3245,334,yes
https://www.youtube.com/watch?v=hV-4zyCz1nE,Deep Blue Sea  Shark Shock  Warner Bros Entertainment,547,57,yes
https://www.youtube.com/watch?v=_xtkrajjIe0,The Last of Us  Beyond the Console with Pedro Pascal  Neil Druckmann  Warner Bros Entertainment,1007,37,yes
https://www.youtube.com/watch?v=Qs21ZYXLxYI,The Meg  Monster is Watching Us  Warner Bros Entertainment,1073,22,yes
